100,,,,,,,
1,map,31,79,53,60,110,111
2,map,32,80,45,140,14,91
3,map,33,81,75,143,29,73
4,map,34,82,28,34,79,26
5,map,35,83,145,31,32,107
6,map,36,84,165,90,130,58
7,map,37,85,109,59,118,85
8,map,38,86,80,160,101,152
9,map,39,87,150,117,148,122
10,map,40,88,149,114,121,11
11,map,41,89,119,35,88,107
12,map,42,90,44,89,22,103
13,map,43,91,153,167,95,60
14,map,44,92,94,155,67,130
15,map,45,93,46,143,44,144
16,map,46,94,146,164,147,112
17,map,47,95,161,70,164,106
18,map,48,96,72,172,29,84
19,map,49,97,71,38,76,27
20,map,50,98,89,182,49,97
21,map,51,99,47,104,129,130
22,map,52,100,41,51,128,7
23,map,53,101,39,48,126,124
24,map,54,102,67,164,52,155
25,map,55,103,56,124,96,150
26,map,56,104,43,77,44,108
27,map,57,105,58,164,101,142
28,map,58,106,82,69,124,85
29,map,59,107,47,99,25,98
30,map,60,108,18,71,127,170
31,map,61,109,161,76,179,94
32,map,62,110,25,33,48,140
33,map,63,111,160,147,128,154
34,map,64,112,58,126,59,152
35,map,65,113,139,150,115,37
36,map,66,114,133,140,179,106
37,map,67,115,72,8,62,27
38,map,68,116,156,170,124,142
39,map,69,117,43,104,26,67
40,map,70,118,63,140,39,69
41,map,71,119,81,103,101,84
42,map,72,120,178,66,129,66
43,map,73,121,21,91,149,75
44,map,74,122,127,174,183,102
45,map,75,123,106,192,14,92
46,map,76,124,93,162,40,114
47,map,77,125,110,150,133,122
48,map,78,126,10,133,76,137
49,map,79,127,21,81,32,110
50,map,80,128,105,103,84,107
51,map,81,129,96,64,131,100
52,map,82,130,80,26,119,73
53,map,83,131,86,188,20,110
54,map,84,132,97,68,46,21
55,map,85,133,167,98,122,167
56,map,86,134,24,65,164,77
57,map,87,135,45,94,19,95
58,map,88,136,109,22,99,48
59,map,89,137,51,57,83,61
60,map,90,138,23,112,135,156
61,map,91,139,122,72,70,11
62,map,92,140,32,78,120,147
63,map,93,141,20,112,39,70
64,map,94,142,29,117,88,178
65,map,95,143,73,46,96,43
66,map,96,144,86,74,85,40
67,map,97,145,72,180,166,72
68,map,98,146,130,9,122,32
69,map,99,147,16,55,8,91
70,map,100,148,101,59,121,87
71,map,101,149,40,113,27,80
72,map,102,150,38,31,83,51
73,map,103,151,140,38,175,61
74,map,104,152,29,149,18,57
75,map,105,153,147,116,58,155
76,map,106,154,131,62,182,83
77,map,107,155,173,73,150,118
78,map,108,156,162,165,167,62
79,map,109,157,167,100,149,162
80,map,110,158,9,132,13,60
81,map,111,159,78,172,33,87
82,map,112,160,121,9,112,48
83,map,113,161,181,93,17,124
84,map,114,162,69,62,154,89
85,map,115,163,26,42,113,10
86,map,116,164,100,79,57,139
87,map,117,165,16,138,65,182
88,map,118,166,136,43,128,86
89,map,119,167,47,48,83,95
90,map,120,168,24,112,48,96
91,map,121,169,136,182,54,132
92,map,122,170,147,77,167,97
93,map,123,171,156,152,179,54
94,map,124,172,97,150,16,116
95,map,125,173,110,25,96,87
96,map,126,174,53,29,57,46
97,map,127,175,88,42,126,15
98,map,128,176,17,78,136,156
99,map,129,177,111,148,23,93
100,map,130,178,74,144,139,139
